{
  "0": "academic_programs",
  "1": "alumni",
  "2": "calendar",
  "3": "class_of_program",
  "4": "contact",
  "5": "core_values",
  "6": "courses",
  "7": "facilities",
  "8": "faculties",
  "9": "fees",
  "10": "finance",
  "11": "goodbye",
  "12": "grade_system",
  "13": "greet",
  "14": "health_service",
  "15": "hostels",
  "16": "it_support",
  "17": "library",
  "18": "location",
  "19": "mission",
  "20": "partnership",
  "21": "registration_course",
  "22": "student_life",
  "23": "student_politics",
  "24": "transcript",
  "25": "vice_chancellor",
  "26": "vision"
}