{
  "0###low": {
    "False": 0,
    "True": 1
  },
  "0###title": {
    "False": 2,
    "True": 3
  },
  "0###upper": {
    "False": 4,
    "True": 5
  },
  "1###BOS": {
    "False": 6,
    "True": 7
  },
  "1###EOS": {
    "False": 8,
    "True": 9
  },
  "1###digit": {
    "False": 10
  },
  "1###low": {
    "False": 11,
    "True": 12
  },
  "1###title": {
    "False": 13,
    "True": 14
  },
  "1###upper": {
    "False": 15,
    "True": 16
  },
  "2###low": {
    "False": 17,
    "True": 18
  },
  "2###title": {
    "False": 19,
    "True": 20
  },
  "2###upper": {
    "False": 21,
    "True": 22
  }
}