{
  "type": "MaxHistoryTrackerFeaturizer",
  "state_featurizer": {
    "action_texts": [],
    "entity_tag_specs": [],
    "feature_states": {
      "intent": {
        "academic_programs": 0,
        "alumni": 1,
        "back": 2,
        "calendar": 3,
        "class_of_program": 4,
        "contact": 5,
        "core_values": 6,
        "courses": 7,
        "facilities": 8,
        "faculties": 9,
        "fees": 10,
        "finance": 11,
        "goodbye": 12,
        "grade_system": 13,
        "greet": 14,
        "health_service": 15,
        "hostels": 16,
        "it_support": 17,
        "library": 18,
        "location": 19,
        "mission": 20,
        "nlu_fallback": 21,
        "out_of_scope": 22,
        "partnership": 23,
        "registration_course": 24,
        "restart": 25,
        "session_start": 26,
        "student_life": 27,
        "student_politics": 28,
        "transcript": 29,
        "vice_chancellor": 30,
        "vision": 31
      },
      "action_name": {
        "action_listen": 0,
        "action_restart": 1,
        "action_session_start": 2,
        "action_default_fallback": 3,
        "action_deactivate_loop": 4,
        "action_revert_fallback_events": 5,
        "action_default_ask_affirmation": 6,
        "action_default_ask_rephrase": 7,
        "action_two_stage_fallback": 8,
        "action_unlikely_intent": 9,
        "action_back": 10,
        "...": 11,
        "action_extract_slots": 12,
        "utter_academic_programs": 13,
        "utter_alumni": 14,
        "utter_calendar": 15,
        "utter_class_of_program": 16,
        "utter_contact": 17,
        "utter_core_values": 18,
        "utter_courses": 19,
        "utter_facilities": 20,
        "utter_faculties": 21,
        "utter_fees": 22,
        "utter_finance": 23,
        "utter_goodbye": 24,
        "utter_grade_system": 25,
        "utter_greet": 26,
        "utter_health_service": 27,
        "utter_hostels": 28,
        "utter_it_support": 29,
        "utter_library": 30,
        "utter_location": 31,
        "utter_mission": 32,
        "utter_partnership": 33,
        "utter_registration_course": 34,
        "utter_student_life": 35,
        "utter_student_politics": 36,
        "utter_transcript": 37,
        "utter_vice_chancellor": 38,
        "utter_vision": 39
      },
      "entities": {},
      "slots": {},
      "active_loop": {}
    }
  },
  "remove_duplicates": true,
  "max_history": 5
}